availability,price,rating,title
In stock,£51.77,star-rating Three,A Light in the Attic
In stock,£53.74,star-rating One,Tipping the Velvet
In stock,£50.10,star-rating One,Soumission
In stock,£47.82,star-rating Four,Sharp Objects
In stock,£54.23,star-rating Five,Sapiens: A Brief History of Humankind
In stock,£22.65,star-rating One,The Requiem Red
In stock,£33.34,star-rating Four,The Dirty Little Secrets of Getting Your Dream Job
In stock,£17.93,star-rating Three,"The Coming Woman: A Novel Based on the Life of the Infamous Feminist, Victoria Woodhull"
In stock,£22.60,star-rating Four,The Boys in the Boat: Nine Americans and Their Epic Quest for Gold at the 1936 Berlin Olympics
In stock,£52.15,star-rating One,The Black Maria
In stock,£13.99,star-rating Two,"Starving Hearts (Triangular Trade Trilogy, #1)"
In stock,£20.66,star-rating Four,Shakespeare's Sonnets
In stock,£17.46,star-rating Five,Set Me Free
In stock,£52.29,star-rating Five,Scott Pilgrim's Precious Little Life (Scott Pilgrim #1)
In stock,£35.02,star-rating Five,Rip it Up and Start Again
In stock,£57.25,star-rating Three,"Our Band Could Be Your Life: Scenes from the American Indie Underground, 1981-1991"
In stock,£23.88,star-rating One,Olio
In stock,£37.59,star-rating One,Mesaerion: The Best Science Fiction Stories 1800-1849
In stock,£51.33,star-rating Two,Libertarianism for Beginners
In stock,£45.17,star-rating Two,It's Only the Himalayas
In stock,£12.84,star-rating One,In Her Wake
In stock,£37.32,star-rating Two,How Music Works
In stock,£30.52,star-rating Three,"Foolproof Preserving: A Guide to Small Batch Jams, Jellies, Pickles, Condiments, and More: A Foolproof Guide to Making Small Batch Jams, Jellies, Pickles, Condiments, and More"
In stock,£25.27,star-rating Five,Chase Me (Paris Nights #2)
In stock,£34.53,star-rating Five,Black Dust
In stock,£54.64,star-rating Three,Birdsong: A Story in Pictures
In stock,£22.50,star-rating Three,America's Cradle of Quarterbacks: Western Pennsylvania's Football Factory from Johnny Unitas to Joe Montana
In stock,£53.13,star-rating Three,Aladdin and His Wonderful Lamp
In stock,£40.30,star-rating Five,Worlds Elsewhere: Journeys Around Shakespeare’s Globe
In stock,£44.18,star-rating Four,Wall and Piece
In stock,£17.66,star-rating Five,The Four Agreements: A Practical Guide to Personal Freedom
In stock,£31.05,star-rating Three,The Five Love Languages: How to Express Heartfelt Commitment to Your Mate
In stock,£23.82,star-rating Five,The Elephant Tree
In stock,£36.89,star-rating One,The Bear and the Piano
In stock,£15.94,star-rating Five,Sophie's World
In stock,£33.29,star-rating Three,Penny Maybe
In stock,£18.02,star-rating Two,Maude (1883-1993):She Grew Up with the country
In stock,£19.63,star-rating One,"In a Dark, Dark Wood"
In stock,£52.22,star-rating Four,Behind Closed Doors
In stock,£33.63,star-rating Two,You can't bury them all: Poems
In stock,£57.31,star-rating Three,Slow States of Collapse: Poems
In stock,£26.41,star-rating Two,Reasons to Stay Alive
In stock,£47.61,star-rating Five,Private Paris (Private #10)
In stock,£23.11,star-rating Five,#HigherSelfie: Wake Up Your Life. Free Your Soul. Find Your Tribe.
In stock,£45.07,star-rating Two,Without Borders (Wanderlove #1)
In stock,£31.77,star-rating One,When We Collided
In stock,£50.27,star-rating Five,"We Love You, Charlie Freeman"
In stock,£14.27,star-rating Four,Untitled Collection: Sabbath Poems 2014
In stock,£44.18,star-rating Four,"Unseen City: The Majesty of Pigeons, the Discreet Charm of Snails & Other Wonders of the Urban Wilderness"
In stock,£18.78,star-rating Three,Unicorn Tracks
In stock,£25.52,star-rating One,"Unbound: How Eight Technologies Made Us Human, Transformed Society, and Brought Our World to the Brink"
In stock,£16.28,star-rating One,Tsubasa: WoRLD CHRoNiCLE 2 (Tsubasa WoRLD CHRoNiCLE #2)
In stock,£31.12,star-rating Three,Throwing Rocks at the Google Bus: How Growth Became the Enemy of Prosperity
In stock,£19.49,star-rating Four,This One Summer
In stock,£17.27,star-rating Five,Thirst
In stock,£19.09,star-rating One,The Torch Is Passed: A Harding Family Story
In stock,£56.13,star-rating One,The Secret of Dreadwillow Carse
In stock,£56.41,star-rating One,"The Pioneer Woman Cooks: Dinnertime: Comfort Classics, Freezer Food, 16-Minute Meals, and Other Delicious Ways to Solve Supper!"
In stock,£56.50,star-rating Four,The Past Never Ends
In stock,£45.22,star-rating Three,The Natural History of Us (The Fine Art of Pretending #2)
